E001,Garvit Khuteta,Data Science,54450.0,05-07-2026
E002,Rahul Sharma,ML Engineer,55000.0,05-07-2026
E003,Priya Singh,Data Science,62000.0,05-07-2026
E004,Amit Verma,HR,38000.0,05-07-2026
E005,Neha Joshi,ML Engineer,58000.0,05-07-2026
E001,Garvit Khuteta,Data Science,45000.0,05-07-2026
E002,Rahul Sharma,ML Engineer,55000.0,05-07-2026
E003,Priya Singh,Data Science,62000.0,05-07-2026
E004,Amit Verma,HR,38000.0,05-07-2026
E005,Neha Joshi,ML Engineer,58000.0,05-07-2026
E001,Garvit Khuteta,Data Science,45000.0,05-07-2026
E002,Rahul Sharma,ML Engineer,55000.0,05-07-2026
E003,Priya Singh,Data Science,62000.0,05-07-2026
E004,Amit Verma,HR,38000.0,05-07-2026
E005,Neha Joshi,ML Engineer,58000.0,05-07-2026
E001,Garvit Khuteta,Data Science,45000,05-07-2026
E002,Rahul Sharma,ML Engineer,55000,05-07-2026
E003,Priya Singh,Data Science,62000,05-07-2026
E004,Amit Verma,HR,38000,05-07-2026
E005,Neha Joshi,ML Engineer,58000,05-07-2026
